city;city_ibge_code;date;epidemiological_week;estimated_population_2019;is_last;is_repeated;last_available_confirmed;last_available_confirmed_per_100k_inhabitants;last_available_date;last_available_death_rate;last_available_deaths;order_for_place;place_type;state;new_confirmed;new_deaths
São Paulo;3550308.0;2020-02-25;9;12252023.0;False;False;1;0.008159999999999999;2020-02-25;0.0;0;1;city;SP;1;0
São Paulo;3550308.0;2020-02-26;9;12252023.0;False;False;1;0.008159999999999999;2020-02-26;0.0;0;2;city;SP;0;0
São Paulo;3550308.0;2020-02-27;9;12252023.0;False;False;1;0.008159999999999999;2020-02-27;0.0;0;3;city;SP;0;0
São Paulo;3550308.0;2020-02-28;9;12252023.0;False;False;2;0.016319999999999998;2020-02-28;0.0;0;4;city;SP;1;0
São Paulo;3550308.0;2020-02-29;9;12252023.0;False;False;2;0.016319999999999998;2020-02-29;0.0;0;5;city;SP;0;0
São Paulo;3550308.0;2020-03-01;10;12252023.0;False;False;2;0.016319999999999998;2020-03-01;0.0;0;6;city;SP;0;0
São Paulo;3550308.0;2020-03-02;10;12252023.0;False;False;2;0.016319999999999998;2020-03-02;0.0;0;7;city;SP;0;0
São Paulo;3550308.0;2020-03-03;10;12252023.0;False;False;2;0.016319999999999998;2020-03-03;0.0;0;8;city;SP;0;0
São Paulo;3550308.0;2020-03-04;10;12252023.0;False;False;3;0.02449;2020-03-04;0.0;0;9;city;SP;1;0
São Paulo;3550308.0;2020-03-05;10;12252023.0;False;False;6;0.04897;2020-03-05;0.0;0;10;city;SP;3;0
São Paulo;3550308.0;2020-03-06;10;12252023.0;False;True;6;0.04897;2020-03-05;0.0;0;11;city;SP;0;0
São Paulo;3550308.0;2020-03-07;10;12252023.0;False;False;12;0.09794;2020-03-07;0.0;0;12;city;SP;6;0
São Paulo;3550308.0;2020-03-08;11;12252023.0;False;False;15;0.12243;2020-03-08;0.0;0;13;city;SP;3;0
São Paulo;3550308.0;2020-03-09;11;12252023.0;False;False;15;0.12243;2020-03-09;0.0;0;14;city;SP;0;0
São Paulo;3550308.0;2020-03-10;11;12252023.0;False;False;18;0.14690999999999999;2020-03-10;0.0;0;15;city;SP;3;0
São Paulo;3550308.0;2020-03-11;11;12252023.0;False;False;29;0.2367;2020-03-11;0.0;0;16;city;SP;11;0
São Paulo;3550308.0;2020-03-12;11;12252023.0;False;False;44;0.35912;2020-03-12;0.0;0;17;city;SP;15;0
São Paulo;3550308.0;2020-03-13;11;12252023.0;False;True;44;0.35912;2020-03-12;0.0;0;18;city;SP;0;0
São Paulo;3550308.0;2020-03-14;11;12252023.0;False;False;62;0.5060399999999999;2020-03-14;0.0;0;19;city;SP;18;0
São Paulo;3550308.0;2020-03-15;12;12252023.0;False;True;62;0.5060399999999999;2020-03-14;0.0;0;20;city;SP;0;0
São Paulo;3550308.0;2020-03-16;12;12252023.0;False;False;145;1.1834799999999999;2020-03-16;0.0;0;21;city;SP;83;0
São Paulo;3550308.0;2020-03-17;12;12252023.0;False;False;156;1.27326;2020-03-17;0.0064;1;22;city;SP;11;1
São Paulo;3550308.0;2020-03-18;12;12252023.0;False;False;214;1.74665;2020-03-18;0.013999999999999999;3;23;city;SP;58;2
São Paulo;3550308.0;2020-03-19;12;12252023.0;False;False;259;2.11394;2020-03-19;0.0193;5;24;city;SP;45;2
São Paulo;3550308.0;2020-03-20;12;12252023.0;False;False;306;2.49755;2020-03-20;0.0294;9;25;city;SP;47;4
São Paulo;3550308.0;2020-03-21;12;12252023.0;False;True;306;2.49755;2020-03-20;0.0294;9;26;city;SP;0;0
São Paulo;3550308.0;2020-03-22;13;12252023.0;False;True;306;2.49755;2020-03-20;0.0294;9;27;city;SP;0;0
São Paulo;3550308.0;2020-03-23;13;12252023.0;False;True;306;2.49755;2020-03-20;0.0294;9;28;city;SP;0;0
São Paulo;3550308.0;2020-03-24;13;12252023.0;False;True;306;2.49755;2020-03-20;0.0294;9;29;city;SP;0;0
São Paulo;3550308.0;2020-03-25;13;12252023.0;False;False;722;5.8929;2020-03-25;0.0609;44;30;city;SP;416;35
São Paulo;3550308.0;2020-03-26;13;12252023.0;False;False;899;7.337560000000001;2020-03-26;0.059000000000000004;53;31;city;SP;177;9
São Paulo;3550308.0;2020-03-27;13;12252023.0;False;False;1044;8.52104;2020-03-27;0.0594;62;32;city;SP;145;9
São Paulo;3550308.0;2020-03-28;13;12252023.0;False;True;1044;8.52104;2020-03-27;0.0594;62;33;city;SP;0;0
São Paulo;3550308.0;2020-03-29;14;12252023.0;False;True;1044;8.52104;2020-03-27;0.0594;62;34;city;SP;0;0
São Paulo;3550308.0;2020-03-30;14;12252023.0;False;False;1233;10.06364;2020-03-30;0.0835;103;35;city;SP;189;41
São Paulo;3550308.0;2020-03-31;14;12252023.0;False;False;1885;15.38521;2020-03-31;0.0642;121;36;city;SP;652;18
São Paulo;3550308.0;2020-04-01;14;12252023.0;False;False;2418;19.73552;2020-04-01;0.0596;144;37;city;SP;533;23
São Paulo;3550308.0;2020-04-02;14;12252023.0;False;False;2815;22.9758;2020-04-02;0.0583;164;38;city;SP;397;20
São Paulo;3550308.0;2020-04-03;14;12252023.0;False;False;3202;26.13446;2020-04-03;0.0581;186;39;city;SP;387;22
São Paulo;3550308.0;2020-04-04;14;12252023.0;False;False;3496;28.534059999999997;2020-04-04;0.0606;212;40;city;SP;294;26
São Paulo;3550308.0;2020-04-05;15;12252023.0;False;False;3612;29.48085;2020-04-05;0.0609;220;41;city;SP;116;8
São Paulo;3550308.0;2020-04-06;15;12252023.0;False;False;3754;30.639840000000003;2020-04-06;0.065;244;42;city;SP;142;24
São Paulo de Olivença;1303908.0;2020-04-07;15;39299.0;False;False;2;5.08919;2020-04-07;0.0;0;1;city;AM;2;0
São Paulo;3550308.0;2020-04-07;15;12252023.0;False;False;4258;34.753440000000005;2020-04-07;0.0695;296;43;city;SP;504;52
São Paulo de Olivença;1303908.0;2020-04-08;15;39299.0;False;False;3;7.633780000000001;2020-04-08;0.0;0;2;city;AM;1;0
São Paulo;3550308.0;2020-04-08;15;12252023.0;False;False;4947;40.37701;2020-04-08;0.0685;339;44;city;SP;689;43
São Paulo de Olivença;1303908.0;2020-04-09;15;39299.0;False;False;4;10.17838;2020-04-09;0.0;0;3;city;AM;1;0
São Paulo;3550308.0;2020-04-09;15;12252023.0;False;False;5477;44.70282;2020-04-09;0.0701;384;45;city;SP;530;45
São Paulo de Olivença;1303908.0;2020-04-10;15;39299.0;False;False;5;12.72297;2020-04-10;0.0;0;4;city;AM;1;0
São Paulo;3550308.0;2020-04-10;15;12252023.0;False;False;5982;48.82459;2020-04-10;0.0684;409;46;city;SP;505;25
São Paulo de Olivença;1303908.0;2020-04-11;15;39299.0;False;False;5;12.72297;2020-04-11;0.0;0;5;city;AM;0;0
São Paulo;3550308.0;2020-04-11;15;12252023.0;False;False;6131;50.04072;2020-04-11;0.0688;422;47;city;SP;149;13
São Paulo de Olivença;1303908.0;2020-04-12;16;39299.0;False;False;5;12.72297;2020-04-12;0.2;1;6;city;AM;0;1
São Paulo;3550308.0;2020-04-12;16;12252023.0;False;False;6352;51.8445;2020-04-12;0.0701;445;48;city;SP;221;23
São Paulo de Olivença;1303908.0;2020-04-13;16;39299.0;False;False;7;17.812160000000002;2020-04-13;0.1429;1;7;city;AM;2;0
São Paulo;3550308.0;2020-04-13;16;12252023.0;False;False;6418;52.38319;2020-04-13;0.0711;456;49;city;SP;66;11
São Paulo de Olivença;1303908.0;2020-04-14;16;39299.0;False;False;9;22.90135;2020-04-14;0.0;0;8;city;AM;2;-1
São Paulo;3550308.0;2020-04-14;16;12252023.0;False;False;6705;54.72566;2020-04-14;0.0764;512;50;city;SP;287;56
São Paulo de Olivença;1303908.0;2020-04-15;16;39299.0;False;False;9;22.90135;2020-04-15;0.0;0;9;city;AM;0;0
São Paulo;3550308.0;2020-04-15;16;12252023.0;False;False;7764;63.369130000000006;2020-04-15;0.0719;558;51;city;SP;1059;46
São Paulo de Olivença;1303908.0;2020-04-16;16;39299.0;False;False;10;25.44594;2020-04-16;0.0;0;10;city;AM;1;0
São Paulo;3550308.0;2020-04-16;16;12252023.0;False;False;7908;64.54444000000001;2020-04-16;0.0763;603;52;city;SP;144;45
São Paulo de Olivença;1303908.0;2020-04-17;16;39299.0;False;False;11;27.99053;2020-04-17;0.0;0;11;city;AM;1;0
São Paulo;3550308.0;2020-04-17;16;12252023.0;False;False;8744;71.36780999999999;2020-04-17;0.0735;643;53;city;SP;836;40
São Paulo de Olivença;1303908.0;2020-04-18;16;39299.0;False;False;11;27.99053;2020-04-18;0.0;0;12;city;AM;0;0
São Paulo;3550308.0;2020-04-18;16;12252023.0;False;False;9428;76.95056;2020-04-18;0.0728;686;54;city;SP;684;43
São Paulo de Olivença;1303908.0;2020-04-19;17;39299.0;False;False;11;27.99053;2020-04-19;0.0;0;13;city;AM;0;0
São Paulo;3550308.0;2020-04-19;17;12252023.0;False;False;9668;78.90942;2020-04-19;0.0724;700;55;city;SP;240;14
São Paulo de Olivença;1303908.0;2020-04-20;17;39299.0;False;False;11;27.99053;2020-04-20;0.0;0;14;city;AM;0;0
São Paulo;3550308.0;2020-04-20;17;12252023.0;False;False;9815;80.10922;2020-04-20;0.0728;715;56;city;SP;147;15
São Paulo de Olivença;1303908.0;2020-04-21;17;39299.0;False;False;11;27.99053;2020-04-21;0.0;0;15;city;AM;0;0
São Paulo;3550308.0;2020-04-21;17;12252023.0;False;False;10342;84.41055;2020-04-21;0.0728;753;57;city;SP;527;38
São Paulo de Olivença;1303908.0;2020-04-22;17;39299.0;False;False;15;38.16891;2020-04-22;0.0;0;16;city;AM;4;0
São Paulo;3550308.0;2020-04-22;17;12252023.0;False;False;10691;87.25905999999999;2020-04-22;0.0728;778;58;city;SP;349;25
São Paulo de Olivença;1303908.0;2020-04-23;17;39299.0;False;False;17;43.2581;2020-04-23;0.0;0;17;city;AM;2;0
São Paulo;3550308.0;2020-04-23;17;12252023.0;False;False;11225;91.61752;2020-04-23;0.0812;912;59;city;SP;534;134
São Paulo de Olivença;1303908.0;2020-04-24;17;39299.0;False;False;19;48.34729;2020-04-24;0.0;0;18;city;AM;2;0
São Paulo;3550308.0;2020-04-24;17;12252023.0;False;False;11800;96.31063;2020-04-24;0.0856;1010;60;city;SP;575;98
São Paulo de Olivença;1303908.0;2020-04-25;17;39299.0;False;False;23;58.525659999999995;2020-04-25;0.0;0;19;city;AM;4;0
São Paulo;3550308.0;2020-04-25;17;12252023.0;False;False;13098;106.90478999999999;2020-04-25;0.0839;1099;61;city;SP;1298;89
São Paulo de Olivença;1303908.0;2020-04-26;18;39299.0;False;False;28;71.24863;2020-04-26;0.0;0;20;city;AM;5;0
São Paulo;3550308.0;2020-04-26;18;12252023.0;False;False;13513;110.29198999999998;2020-04-26;0.0824;1114;62;city;SP;415;15
São Paulo de Olivença;1303908.0;2020-04-27;18;39299.0;False;False;30;76.33782;2020-04-27;0.0333;1;21;city;AM;2;1
São Paulo;3550308.0;2020-04-27;18;12252023.0;False;False;13989;114.17706000000001;2020-04-27;0.0838;1172;63;city;SP;476;58
São Paulo de Olivença;1303908.0;2020-04-28;18;39299.0;False;False;31;78.88241;2020-04-28;0.0323;1;22;city;AM;1;0
São Paulo do Potengi;2412609.0;2020-04-28;18;17579.0;False;False;1;5.68861;2020-04-28;0.0;0;1;city;RN;1;0
São Paulo;3550308.0;2020-04-28;18;12252023.0;False;False;15397;125.66904;2020-04-28;0.0858;1321;64;city;SP;1408;149
São Paulo de Olivença;1303908.0;2020-04-29;18;39299.0;False;False;33;83.9716;2020-04-29;0.0303;1;23;city;AM;2;0
São Paulo do Potengi;2412609.0;2020-04-29;18;17579.0;False;False;1;5.68861;2020-04-29;0.0;0;2;city;RN;0;0
São Paulo;3550308.0;2020-04-29;18;12252023.0;False;False;16638;135.79798;2020-04-29;0.0865;1439;65;city;SP;1241;118
São Paulo de Olivença;1303908.0;2020-04-30;18;39299.0;False;False;44;111.96213999999999;2020-04-30;0.0227;1;24;city;AM;11;0
São Paulo do Potengi;2412609.0;2020-04-30;18;17579.0;False;False;1;5.68861;2020-04-30;0.0;0;3;city;RN;0;0
São Paulo;3550308.0;2020-04-30;18;12252023.0;False;False;18149;148.13064;2020-04-30;0.0839;1522;66;city;SP;1511;83
São Paulo de Olivença;1303908.0;2020-05-01;18;39299.0;False;False;51;129.77428999999998;2020-05-01;0.0392;2;25;city;AM;7;1
São Paulo do Potengi;2412609.0;2020-05-01;18;17579.0;False;False;1;5.68861;2020-05-01;0.0;0;4;city;RN;0;0
São Paulo;3550308.0;2020-05-01;18;12252023.0;False;False;19087;155.78652;2020-05-01;0.0842;1607;67;city;SP;938;85
São Paulo de Olivença;1303908.0;2020-05-02;18;39299.0;False;False;60;152.67564;2020-05-02;0.0333;2;26;city;AM;9;0
São Paulo do Potengi;2412609.0;2020-05-02;18;17579.0;False;False;1;5.68861;2020-05-02;0.0;0;5;city;RN;0;0
São Paulo;3550308.0;2020-05-02;18;12252023.0;False;False;19494;159.10842;2020-05-02;0.0852;1661;68;city;SP;407;54
São Paulo de Olivença;1303908.0;2020-05-03;19;39299.0;False;False;77;195.93374;2020-05-03;0.039;3;27;city;AM;17;1
São Paulo do Potengi;2412609.0;2020-05-03;19;17579.0;False;False;1;5.68861;2020-05-03;0.0;0;6;city;RN;0;0
São Paulo;3550308.0;2020-05-03;19;12252023.0;False;False;19822;161.78553;2020-05-03;0.0844;1673;69;city;SP;328;12
São Paulo de Olivença;1303908.0;2020-05-04;19;39299.0;False;False;77;195.93374;2020-05-04;0.039;3;28;city;AM;0;0
São Paulo do Potengi;2412609.0;2020-05-04;19;17579.0;False;False;1;5.68861;2020-05-04;0.0;0;7;city;RN;0;0
São Paulo;3550308.0;2020-05-04;19;12252023.0;False;False;20073;163.83417;2020-05-04;0.0838;1683;70;city;SP;251;10
São Paulo de Olivença;1303908.0;2020-05-05;19;39299.0;False;False;89;226.46887;2020-05-05;0.0337;3;29;city;AM;12;0
São Paulo do Potengi;2412609.0;2020-05-05;19;17579.0;False;False;2;11.37721;2020-05-05;0.0;0;8;city;RN;1;0
São Paulo;3550308.0;2020-05-05;19;12252023.0;False;False;21140;172.54293;2020-05-05;0.0852;1801;71;city;SP;1067;118
São Paulo de Olivença;1303908.0;2020-05-06;19;39299.0;False;False;122;310.44047;2020-05-06;0.0246;3;30;city;AM;33;0
São Paulo do Potengi;2412609.0;2020-05-06;19;17579.0;False;False;2;11.37721;2020-05-06;0.0;0;9;city;RN;0;0
São Paulo;3550308.0;2020-05-06;19;12252023.0;False;False;23187;189.25038;2020-05-06;0.0824;1910;72;city;SP;2047;109
São Paulo de Olivença;1303908.0;2020-05-07;19;39299.0;False;False;124;315.52966000000004;2020-05-07;0.0242;3;31;city;AM;2;0
São Paulo do Potengi;2412609.0;2020-05-07;19;17579.0;False;True;2;11.37721;2020-05-06;0.0;0;10;city;RN;0;0
São Paulo;3550308.0;2020-05-07;19;12252023.0;False;False;24273;198.11422;2020-05-07;0.0818;1986;73;city;SP;1086;76
São Paulo de Olivença;1303908.0;2020-05-08;19;39299.0;False;False;127;323.16344;2020-05-08;0.0236;3;32;city;AM;3;0
São Paulo do Potengi;2412609.0;2020-05-08;19;17579.0;False;False;2;11.37721;2020-05-08;0.0;0;11;city;RN;0;0
São Paulo;3550308.0;2020-05-08;19;12252023.0;False;False;25367;207.04336;2020-05-08;0.0832;2110;74;city;SP;1094;124
São Paulo de Olivença;1303908.0;2020-05-09;19;39299.0;False;False;159;404.59045;2020-05-09;0.0189;3;33;city;AM;32;0
São Paulo do Potengi;2412609.0;2020-05-09;19;17579.0;False;True;2;11.37721;2020-05-08;0.0;0;12;city;RN;0;0
São Paulo;3550308.0;2020-05-09;19;12252023.0;False;False;26787;218.63327999999998;2020-05-09;0.083;2223;75;city;SP;1420;113
São Paulo de Olivença;1303908.0;2020-05-10;20;39299.0;False;False;160;407.13504;2020-05-10;0.0187;3;34;city;AM;1;0
São Paulo do Potengi;2412609.0;2020-05-10;20;17579.0;False;False;2;11.37721;2020-05-10;0.0;0;13;city;RN;0;0
São Paulo;3550308.0;2020-05-10;20;12252023.0;False;False;27307;222.87748;2020-05-10;0.083;2266;76;city;SP;520;43
São Paulo de Olivença;1303908.0;2020-05-11;20;39299.0;False;False;160;407.13504;2020-05-11;0.0187;3;35;city;AM;0;0
São Paulo do Potengi;2412609.0;2020-05-11;20;17579.0;False;False;2;11.37721;2020-05-11;0.0;0;14;city;RN;0;0
São Paulo;3550308.0;2020-05-11;20;12252023.0;False;False;27771;226.66461;2020-05-11;0.0821;2281;77;city;SP;464;15
São Paulo de Olivença;1303908.0;2020-05-12;20;39299.0;False;False;170;432.58097999999995;2020-05-12;0.0176;3;36;city;AM;10;0
São Paulo do Potengi;2412609.0;2020-05-12;20;17579.0;False;False;2;11.37721;2020-05-12;0.0;0;15;city;RN;0;0
São Paulo;3550308.0;2020-05-12;20;12252023.0;False;False;28682;234.10012000000003;2020-05-12;0.0839;2405;78;city;SP;911;124
São Paulo de Olivença;1303908.0;2020-05-13;20;39299.0;False;False;200;508.9188;2020-05-13;0.015;3;37;city;AM;30;0
São Paulo do Potengi;2412609.0;2020-05-13;20;17579.0;False;False;2;11.37721;2020-05-13;0.0;0;16;city;RN;0;0
São Paulo;3550308.0;2020-05-13;20;12252023.0;False;False;30402;248.13861;2020-05-13;0.08199999999999999;2494;79;city;SP;1720;89
São Paulo de Olivença;1303908.0;2020-05-14;20;39299.0;False;False;226;575.07825;2020-05-14;0.0133;3;38;city;AM;26;0
São Paulo do Potengi;2412609.0;2020-05-14;20;17579.0;False;False;2;11.37721;2020-05-14;0.0;0;17;city;RN;0;0
São Paulo;3550308.0;2020-05-14;20;12252023.0;False;False;31873;260.14479;2020-05-14;0.0814;2596;80;city;SP;1471;102
São Paulo de Olivença;1303908.0;2020-05-15;20;39299.0;False;False;243;618.3363400000001;2020-05-15;0.0123;3;39;city;AM;17;0
São Paulo do Potengi;2412609.0;2020-05-15;20;17579.0;False;True;2;11.37721;2020-05-14;0.0;0;18;city;RN;0;0
São Paulo;3550308.0;2020-05-15;20;12252023.0;False;False;33992;277.4399;2020-05-15;0.0787;2674;81;city;SP;2119;78
São Paulo de Olivença;1303908.0;2020-05-16;20;39299.0;False;False;262;666.68363;2020-05-16;0.0115;3;40;city;AM;19;0
São Paulo do Potengi;2412609.0;2020-05-16;20;17579.0;False;False;3;17.065820000000002;2020-05-16;0.0;0;19;city;RN;1;0
São Paulo;3550308.0;2020-05-16;20;12252023.0;False;False;35429;289.16857000000005;2020-05-16;0.0788;2792;82;city;SP;1437;118
São Paulo de Olivença;1303908.0;2020-05-17;21;39299.0;False;False;277;704.8525400000001;2020-05-17;0.0144;4;41;city;AM;15;1
São Paulo do Potengi;2412609.0;2020-05-17;21;17579.0;False;False;3;17.065820000000002;2020-05-17;0.0;0;20;city;RN;0;0
São Paulo;3550308.0;2020-05-17;21;12252023.0;False;False;35931;293.26585;2020-05-17;0.0789;2835;83;city;SP;502;43
São Paulo de Olivença;1303908.0;2020-05-18;21;39299.0;False;False;277;704.8525400000001;2020-05-18;0.0181;5;42;city;AM;0;1
São Paulo do Potengi;2412609.0;2020-05-18;21;17579.0;False;False;3;17.065820000000002;2020-05-18;0.0;0;21;city;RN;0;0
São Paulo;3550308.0;2020-05-18;21;12252023.0;False;False;36188;295.36347;2020-05-18;0.0789;2856;84;city;SP;257;21
São Paulo de Olivença;1303908.0;2020-05-19;21;39299.0;False;False;303;771.0119900000001;2020-05-19;0.0198;6;43;city;AM;26;1
São Paulo do Potengi;2412609.0;2020-05-19;21;17579.0;False;False;3;17.065820000000002;2020-05-19;0.0;0;22;city;RN;0;0
São Paulo;3550308.0;2020-05-19;21;12252023.0;False;False;37640;307.21457000000004;2020-05-19;0.0805;3029;85;city;SP;1452;173
São Paulo de Olivença;1303908.0;2020-05-20;21;39299.0;False;False;316;804.0917099999999;2020-05-20;0.0222;7;44;city;AM;13;1
São Paulo do Potengi;2412609.0;2020-05-20;21;17579.0;False;False;3;17.065820000000002;2020-05-20;0.0;0;23;city;RN;0;0
São Paulo;3550308.0;2020-05-20;21;12252023.0;False;False;39466;322.11823;2020-05-20;0.0794;3135;86;city;SP;1826;106
São Paulo de Olivença;1303908.0;2020-05-21;21;39299.0;False;False;324;824.44846;2020-05-21;0.0216;7;45;city;AM;8;0
São Paulo do Potengi;2412609.0;2020-05-21;21;17579.0;False;False;4;22.75442;2020-05-21;0.0;0;24;city;RN;1;0
São Paulo;3550308.0;2020-05-21;21;12252023.0;False;False;41451;338.31964;2020-05-21;0.0781;3238;87;city;SP;1985;103
São Paulo de Olivença;1303908.0;2020-05-22;21;39299.0;False;False;328;834.62684;2020-05-22;0.0244;8;46;city;AM;4;1
São Paulo do Potengi;2412609.0;2020-05-22;21;17579.0;False;False;4;22.75442;2020-05-22;0.0;0;25;city;RN;0;0
São Paulo;3550308.0;2020-05-22;21;12252023.0;False;False;42973;350.74208;2020-05-22;0.078;3352;88;city;SP;1522;114
São Paulo de Olivença;1303908.0;2020-05-23;21;39299.0;False;False;340;865.1619599999999;2020-05-23;0.0265;9;47;city;AM;12;1
São Paulo do Potengi;2412609.0;2020-05-23;21;17579.0;False;True;4;22.75442;2020-05-22;0.0;0;26;city;RN;0;0
São Paulo;3550308.0;2020-05-23;21;12252023.0;False;False;44887;366.36399;2020-05-23;0.0778;3491;89;city;SP;1914;139
São Paulo de Olivença;1303908.0;2020-05-24;22;39299.0;False;False;342;870.25115;2020-05-24;0.0263;9;48;city;AM;2;0
São Paulo do Potengi;2412609.0;2020-05-24;22;17579.0;False;False;4;22.75442;2020-05-24;0.0;0;27;city;RN;0;0
São Paulo;3550308.0;2020-05-24;22;12252023.0;False;False;45527;371.58761;2020-05-24;0.0776;3534;90;city;SP;640;43
São Paulo de Olivença;1303908.0;2020-05-25;22;39299.0;False;False;345;877.88493;2020-05-25;0.0319;11;49;city;AM;3;2
São Paulo do Potengi;2412609.0;2020-05-25;22;17579.0;False;False;6;34.13163;2020-05-25;0.0;0;28;city;RN;2;0
São Paulo;3550308.0;2020-05-25;22;12252023.0;False;False;46204;377.11323;2020-05-25;0.0769;3555;91;city;SP;677;21
São Paulo de Olivença;1303908.0;2020-05-26;22;39299.0;False;False;367;933.8660000000001;2020-05-26;0.03;11;50;city;AM;22;0
São Paulo do Potengi;2412609.0;2020-05-26;22;17579.0;False;False;7;39.820240000000005;2020-05-26;0.0;0;29;city;RN;1;0
São Paulo;3550308.0;2020-05-26;22;12252023.0;False;False;47554;388.13182;2020-05-26;0.0776;3691;92;city;SP;1350;136
São Paulo de Olivença;1303908.0;2020-05-27;22;39299.0;False;False;389;989.8470699999999;2020-05-27;0.0283;11;51;city;AM;22;0
São Paulo do Potengi;2412609.0;2020-05-27;22;17579.0;False;True;7;39.820240000000005;2020-05-26;0.0;0;30;city;RN;0;0
São Paulo;3550308.0;2020-05-27;22;12252023.0;False;False;49264;402.0887;2020-05-27;0.0777;3826;93;city;SP;1710;135
São Paulo de Olivença;1303908.0;2020-05-28;22;39299.0;False;False;395;1005.11463;2020-05-28;0.0278;11;52;city;AM;6;0
São Paulo do Potengi;2412609.0;2020-05-28;22;17579.0;False;False;13;73.95187;2020-05-28;0.0;0;31;city;RN;6;0
São Paulo;3550308.0;2020-05-28;22;12252023.0;False;False;52719;430.28812;2020-05-28;0.0751;3958;94;city;SP;3455;132
São Paulo de Olivença;1303908.0;2020-05-29;22;39299.0;False;False;414;1053.46192;2020-05-29;0.0266;11;53;city;AM;19;0
São Paulo do Potengi;2412609.0;2020-05-29;22;17579.0;False;False;15;85.32909000000001;2020-05-29;0.0;0;32;city;RN;2;0
São Paulo;3550308.0;2020-05-29;22;12252023.0;False;False;55741;454.95344000000006;2020-05-29;0.0738;4116;95;city;SP;3022;158
São Paulo de Olivença;1303908.0;2020-05-30;22;39299.0;False;False;433;1101.80921;2020-05-30;0.0254;11;54;city;AM;19;0
São Paulo do Potengi;2412609.0;2020-05-30;22;17579.0;False;True;15;85.32909000000001;2020-05-29;0.0;0;33;city;RN;0;0
São Paulo;3550308.0;2020-05-30;22;12252023.0;False;False;58619;478.44344;2020-05-30;0.0723;4239;96;city;SP;2878;123
São Paulo de Olivença;1303908.0;2020-05-31;23;39299.0;False;False;433;1101.80921;2020-05-31;0.0254;11;55;city;AM;0;0
São Paulo do Potengi;2412609.0;2020-05-31;23;17579.0;False;False;19;108.08351;2020-05-31;0.0;0;34;city;RN;4;0
São Paulo;3550308.0;2020-05-31;23;12252023.0;False;False;60131;490.78425999999996;2020-05-31;0.0712;4280;97;city;SP;1512;41
São Paulo de Olivença;1303908.0;2020-06-01;23;39299.0;False;False;433;1101.80921;2020-06-01;0.0254;11;56;city;AM;0;0
São Paulo do Potengi;2412609.0;2020-06-01;23;17579.0;False;False;19;108.08351;2020-06-01;0.0;0;35;city;RN;0;0
São Paulo;3550308.0;2020-06-01;23;12252023.0;False;False;61126;498.90536;2020-06-01;0.0704;4304;98;city;SP;995;24
São Paulo de Olivença;1303908.0;2020-06-02;23;39299.0;False;False;433;1101.80921;2020-06-02;0.0254;11;57;city;AM;0;0
São Paulo do Potengi;2412609.0;2020-06-02;23;17579.0;False;False;28;159.28096000000002;2020-06-02;0.0;0;36;city;RN;9;0
São Paulo;3550308.0;2020-06-02;23;12252023.0;False;False;64443;525.9784400000001;2020-06-02;0.0689;4443;99;city;SP;3317;139
São Paulo de Olivença;1303908.0;2020-06-03;23;39299.0;False;False;448;1139.97812;2020-06-03;0.0246;11;58;city;AM;15;0
São Paulo do Potengi;2412609.0;2020-06-03;23;17579.0;False;False;28;159.28096000000002;2020-06-03;0.0;0;37;city;RN;0;0
São Paulo;3550308.0;2020-06-03;23;12252023.0;False;False;66777;545.0283599999999;2020-06-03;0.0683;4564;100;city;SP;2334;121
São Paulo de Olivença;1303908.0;2020-06-04;23;39299.0;False;False;468;1190.87;2020-06-04;0.0235;11;59;city;AM;20;0
São Paulo do Potengi;2412609.0;2020-06-04;23;17579.0;False;False;30;170.65816999999998;2020-06-04;0.0;0;38;city;RN;2;0
São Paulo;3550308.0;2020-06-04;23;12252023.0;False;False;69347;566.00449;2020-06-04;0.0674;4675;101;city;SP;2570;111
São Paulo de Olivença;1303908.0;2020-06-05;23;39299.0;False;False;477;1213.77134;2020-06-05;0.0252;12;60;city;AM;9;1
São Paulo do Potengi;2412609.0;2020-06-05;23;17579.0;False;False;31;176.34678;2020-06-05;0.0323;1;39;city;RN;1;1
São Paulo;3550308.0;2020-06-05;23;12252023.0;False;False;71453;583.19349;2020-06-05;0.0672;4805;102;city;SP;2106;130
São Paulo de Olivença;1303908.0;2020-06-06;23;39299.0;False;False;481;1223.9497199999998;2020-06-06;0.0249;12;61;city;AM;4;0
São Paulo do Potengi;2412609.0;2020-06-06;23;17579.0;False;True;31;176.34678;2020-06-05;0.0323;1;40;city;RN;0;0
São Paulo;3550308.0;2020-06-06;23;12252023.0;False;False;73861;602.8473799999999;2020-06-06;0.0664;4901;103;city;SP;2408;96
São Paulo de Olivença;1303908.0;2020-06-07;24;39299.0;False;False;481;1223.9497199999998;2020-06-07;0.0249;12;62;city;AM;0;0
São Paulo do Potengi;2412609.0;2020-06-07;24;17579.0;False;False;44;250.29865;2020-06-07;0.0227;1;41;city;RN;13;0
São Paulo;3550308.0;2020-06-07;24;12252023.0;False;False;74796;610.47878;2020-06-07;0.0658;4920;104;city;SP;935;19
São Paulo de Olivença;1303908.0;2020-06-08;24;39299.0;False;False;484;1231.5835;2020-06-08;0.0269;13;63;city;AM;3;1
São Paulo do Potengi;2412609.0;2020-06-08;24;17579.0;False;False;44;250.29865;2020-06-08;0.0227;1;42;city;RN;0;0
São Paulo;3550308.0;2020-06-08;24;12252023.0;False;False;75699;617.8489900000001;2020-06-08;0.0652;4937;105;city;SP;903;17
São Paulo de Olivença;1303908.0;2020-06-09;24;39299.0;False;False;496;1262.1186300000002;2020-06-09;0.0282;14;64;city;AM;12;1
São Paulo do Potengi;2412609.0;2020-06-09;24;17579.0;False;False;48;273.05307;2020-06-09;0.0417;2;43;city;RN;4;1
São Paulo;3550308.0;2020-06-09;24;12252023.0;False;False;78026;636.84177;2020-06-09;0.065;5073;106;city;SP;2327;136
São Paulo de Olivença;1303908.0;2020-06-10;24;39299.0;False;False;510;1297.74295;2020-06-10;0.0275;14;65;city;AM;14;0
São Paulo do Potengi;2412609.0;2020-06-10;24;17579.0;False;False;50;284.43029;2020-06-10;0.04;2;44;city;RN;2;0
São Paulo;3550308.0;2020-06-10;24;12252023.0;False;False;80457;656.68339;2020-06-10;0.065;5232;107;city;SP;2431;159
São Paulo de Olivença;1303908.0;2020-06-11;24;39299.0;False;False;515;1310.4659199999999;2020-06-11;0.0291;15;66;city;AM;5;1
São Paulo do Potengi;2412609.0;2020-06-11;24;17579.0;False;False;52;295.8075;2020-06-11;0.0385;2;45;city;RN;2;0
São Paulo das Missões;4319307.0;2020-06-11;24;5790.0;False;False;1;17.271160000000002;2020-06-11;0.0;0;1;city;RS;1;0
São Paulo;3550308.0;2020-06-11;24;12252023.0;False;False;83076;678.05945;2020-06-11;0.0645;5357;108;city;SP;2619;125
São Paulo de Olivença;1303908.0;2020-06-12;24;39299.0;False;False;542;1379.16995;2020-06-12;0.0277;15;67;city;AM;27;0
São Paulo do Potengi;2412609.0;2020-06-12;24;17579.0;False;False;52;295.8075;2020-06-12;0.0385;2;46;city;RN;0;0
São Paulo das Missões;4319307.0;2020-06-12;24;5790.0;False;False;1;17.271160000000002;2020-06-12;0.0;0;2;city;RS;0;0
São Paulo;3550308.0;2020-06-12;24;12252023.0;False;False;85622;698.83969;2020-06-12;0.064;5480;109;city;SP;2546;123
São Paulo de Olivença;1303908.0;2020-06-13;24;39299.0;False;False;544;1384.2591400000001;2020-06-13;0.0276;15;68;city;AM;2;0
São Paulo do Potengi;2412609.0;2020-06-13;24;17579.0;False;True;52;295.8075;2020-06-12;0.0385;2;47;city;RN;0;0
São Paulo das Missões;4319307.0;2020-06-13;24;5790.0;False;False;1;17.271160000000002;2020-06-13;0.0;0;3;city;RS;0;0
São Paulo;3550308.0;2020-06-13;24;12252023.0;False;False;88025;718.45278;2020-06-13;0.0636;5599;110;city;SP;2403;119
São Paulo de Olivença;1303908.0;2020-06-14;25;39299.0;False;False;544;1384.2591400000001;2020-06-14;0.0276;15;69;city;AM;0;0
São Paulo do Potengi;2412609.0;2020-06-14;25;17579.0;False;False;53;301.4961;2020-06-14;0.0566;3;48;city;RN;1;1
São Paulo das Missões;4319307.0;2020-06-14;25;5790.0;False;False;1;17.271160000000002;2020-06-14;0.0;0;4;city;RS;0;0
São Paulo;3550308.0;2020-06-14;25;12252023.0;False;False;91198;744.35055;2020-06-14;0.0617;5623;111;city;SP;3173;24
São Paulo de Olivença;1303908.0;2020-06-15;25;39299.0;False;False;544;1384.2591400000001;2020-06-15;0.0276;15;70;city;AM;0;0
São Paulo do Potengi;2412609.0;2020-06-15;25;17579.0;False;False;52;295.8075;2020-06-15;0.0577;3;49;city;RN;-1;0
São Paulo das Missões;4319307.0;2020-06-15;25;5790.0;False;False;1;17.271160000000002;2020-06-15;0.0;0;5;city;RS;0;0
São Paulo;3550308.0;2020-06-15;25;12252023.0;False;False;93448;762.7148599999999;2020-06-15;0.0605;5652;112;city;SP;2250;29
São Paulo de Olivença;1303908.0;2020-06-16;25;39299.0;False;False;568;1445.3294;2020-06-16;0.0264;15;71;city;AM;24;0
São Paulo do Potengi;2412609.0;2020-06-16;25;17579.0;False;False;53;301.4961;2020-06-16;0.0566;3;50;city;RN;1;0
São Paulo das Missões;4319307.0;2020-06-16;25;5790.0;False;False;1;17.271160000000002;2020-06-16;0.0;0;6;city;RS;0;0
São Paulo;3550308.0;2020-06-16;25;12252023.0;False;False;97676;797.22345;2020-06-16;0.0596;5819;113;city;SP;4228;167
São Paulo de Olivença;1303908.0;2020-06-17;25;39299.0;False;False;577;1468.23074;2020-06-17;0.026000000000000002;15;72;city;AM;9;0
São Paulo do Potengi;2412609.0;2020-06-17;25;17579.0;False;False;54;307.18471;2020-06-17;0.0556;3;51;city;RN;1;0
São Paulo das Missões;4319307.0;2020-06-17;25;5790.0;False;False;1;17.271160000000002;2020-06-17;0.0;0;7;city;RS;0;0
São Paulo;3550308.0;2020-06-17;25;12252023.0;False;False;98132;800.94528;2020-06-17;0.0607;5959;114;city;SP;456;140
São Paulo de Olivença;1303908.0;2020-06-18;25;39299.0;False;False;586;1491.13209;2020-06-18;0.0256;15;73;city;AM;9;0
São Paulo do Potengi;2412609.0;2020-06-18;25;17579.0;False;False;55;312.87331;2020-06-18;0.0727;4;52;city;RN;1;1
São Paulo das Missões;4319307.0;2020-06-18;25;5790.0;False;False;1;17.271160000000002;2020-06-18;0.0;0;8;city;RS;0;0
São Paulo;3550308.0;2020-06-18;25;12252023.0;False;False;98530;804.19372;2020-06-18;0.0619;6097;115;city;SP;398;138
São Paulo de Olivença;1303908.0;2020-06-19;25;39299.0;False;False;593;1508.94425;2020-06-19;0.027000000000000003;16;74;city;AM;7;1
São Paulo do Potengi;2412609.0;2020-06-19;25;17579.0;False;False;69;392.51379;2020-06-19;0.057999999999999996;4;53;city;RN;14;0
São Paulo das Missões;4319307.0;2020-06-19;25;5790.0;False;False;1;17.271160000000002;2020-06-19;0.0;0;9;city;RS;0;0
São Paulo;3550308.0;2020-06-19;25;12252023.0;False;False;105407;860.3232300000001;2020-06-19;0.0593;6255;116;city;SP;6877;158
São Paulo de Olivença;1303908.0;2020-06-20;25;39299.0;False;False;596;1516.5780300000001;2020-06-20;0.0268;16;75;city;AM;3;0
São Paulo do Potengi;2412609.0;2020-06-20;25;17579.0;False;True;69;392.51379;2020-06-19;0.057999999999999996;4;54;city;RN;0;0
São Paulo das Missões;4319307.0;2020-06-20;25;5790.0;False;False;1;17.271160000000002;2020-06-20;0.0;0;10;city;RS;0;0
São Paulo;3550308.0;2020-06-20;25;12252023.0;False;False;105591;861.8250199999999;2020-06-20;0.0603;6371;117;city;SP;184;116
São Paulo de Olivença;1303908.0;2020-06-21;26;39299.0;False;False;596;1516.5780300000001;2020-06-21;0.0268;16;76;city;AM;0;0
São Paulo do Potengi;2412609.0;2020-06-21;26;17579.0;False;False;71;403.89101;2020-06-21;0.0704;5;55;city;RN;2;1
São Paulo das Missões;4319307.0;2020-06-21;26;5790.0;False;False;1;17.271160000000002;2020-06-21;0.0;0;11;city;RS;0;0
São Paulo;3550308.0;2020-06-21;26;12252023.0;False;False;106540;869.57068;2020-06-21;0.0599;6387;118;city;SP;949;16
São Paulo de Olivença;1303908.0;2020-06-22;26;39299.0;False;False;596;1516.5780300000001;2020-06-22;0.0268;16;77;city;AM;0;0
São Paulo do Potengi;2412609.0;2020-06-22;26;17579.0;False;False;71;403.89101;2020-06-22;0.0704;5;56;city;RN;0;0
São Paulo das Missões;4319307.0;2020-06-22;26;5790.0;False;False;1;17.271160000000002;2020-06-22;0.0;0;12;city;RS;0;0
São Paulo;3550308.0;2020-06-22;26;12252023.0;False;False;107731;879.2915300000001;2020-06-22;0.0594;6404;119;city;SP;1191;17
São Paulo de Olivença;1303908.0;2020-06-23;26;39299.0;False;False;610;1552.20235;2020-06-23;0.0279;17;78;city;AM;14;1
São Paulo do Potengi;2412609.0;2020-06-23;26;17579.0;False;False;74;420.95682;2020-06-23;0.0676;5;57;city;RN;3;0
São Paulo das Missões;4319307.0;2020-06-23;26;5790.0;False;False;1;17.271160000000002;2020-06-23;0.0;0;13;city;RS;0;0
São Paulo;3550308.0;2020-06-23;26;12252023.0;False;False;110214;899.5575699999999;2020-06-23;0.0597;6583;120;city;SP;2483;179
São Paulo de Olivença;1303908.0;2020-06-24;26;39299.0;False;False;620;1577.64829;2020-06-24;0.0274;17;79;city;AM;10;0
São Paulo do Potengi;2412609.0;2020-06-24;26;17579.0;False;False;75;426.64543;2020-06-24;0.0667;5;58;city;RN;1;0
São Paulo das Missões;4319307.0;2020-06-24;26;5790.0;False;False;1;17.271160000000002;2020-06-24;0.0;0;14;city;RS;0;0
São Paulo;3550308.0;2020-06-24;26;12252023.0;False;False;113261;924.4269300000001;2020-06-24;0.0589;6675;121;city;SP;3047;92
São Paulo de Olivença;1303908.0;2020-06-25;26;39299.0;False;False;629;1600.54963;2020-06-25;0.027000000000000003;17;80;city;AM;9;0
São Paulo do Potengi;2412609.0;2020-06-25;26;17579.0;False;False;78;443.71125;2020-06-25;0.0769;6;59;city;RN;3;1
São Paulo das Missões;4319307.0;2020-06-25;26;5790.0;False;False;1;17.271160000000002;2020-06-25;0.0;0;15;city;RS;0;0
São Paulo;3550308.0;2020-06-25;26;12252023.0;False;False;117311;957.48269;2020-06-25;0.0579;6794;122;city;SP;4050;119
São Paulo de Olivença;1303908.0;2020-06-26;26;39299.0;False;False;630;1603.0942300000002;2020-06-26;0.0286;18;81;city;AM;1;1
São Paulo do Potengi;2412609.0;2020-06-26;26;17579.0;False;True;78;443.71125;2020-06-25;0.0769;6;60;city;RN;0;0
São Paulo das Missões;4319307.0;2020-06-26;26;5790.0;False;False;1;17.271160000000002;2020-06-26;0.0;0;16;city;RS;0;0
São Paulo;3550308.0;2020-06-26;26;12252023.0;False;False;121163;988.9224;2020-06-26;0.0568;6880;123;city;SP;3852;86
São Paulo de Olivença;1303908.0;2020-06-27;26;39299.0;False;False;635;1615.8172;2020-06-27;0.0283;18;82;city;AM;5;0
São Paulo do Potengi;2412609.0;2020-06-27;26;17579.0;False;True;78;443.71125;2020-06-25;0.0769;6;61;city;RN;0;0
São Paulo das Missões;4319307.0;2020-06-27;26;5790.0;False;False;1;17.271160000000002;2020-06-27;0.0;0;17;city;RS;0;0
São Paulo;3550308.0;2020-06-27;26;12252023.0;False;False;122759;1001.94882;2020-06-27;0.0569;6982;124;city;SP;1596;102
São Paulo de Olivença;1303908.0;2020-06-28;27;39299.0;False;False;635;1615.8172;2020-06-28;0.0283;18;83;city;AM;0;0
São Paulo do Potengi;2412609.0;2020-06-28;27;17579.0;False;False;182;1035.32624;2020-06-28;0.0385;7;62;city;RN;104;1
São Paulo das Missões;4319307.0;2020-06-28;27;5790.0;False;False;1;17.271160000000002;2020-06-28;0.0;0;18;city;RS;0;0
São Paulo;3550308.0;2020-06-28;27;12252023.0;False;False;124105;1012.93476;2020-06-28;0.0564;7003;125;city;SP;1346;21
São Paulo de Olivença;1303908.0;2020-06-29;27;39299.0;False;False;635;1615.8172;2020-06-29;0.0283;18;84;city;AM;0;0
São Paulo do Potengi;2412609.0;2020-06-29;27;17579.0;False;False;180;1023.9490300000001;2020-06-29;0.0333;6;63;city;RN;-2;-1
São Paulo das Missões;4319307.0;2020-06-29;27;5790.0;False;False;1;17.271160000000002;2020-06-29;0.0;0;19;city;RS;0;0
São Paulo;3550308.0;2020-06-29;27;12252023.0;False;False;125012;1020.3376199999999;2020-06-29;0.0562;7026;126;city;SP;907;23
São Paulo de Olivença;1303908.0;2020-06-30;27;39299.0;False;False;651;1656.5307;2020-06-30;0.0276;18;85;city;AM;16;0
São Paulo do Potengi;2412609.0;2020-06-30;27;17579.0;False;False;182;1035.32624;2020-06-30;0.033;6;64;city;RN;2;0
São Paulo das Missões;4319307.0;2020-06-30;27;5790.0;False;False;1;17.271160000000002;2020-06-30;0.0;0;20;city;RS;0;0
São Paulo;3550308.0;2020-06-30;27;12252023.0;False;False;127119;1037.5347800000002;2020-06-30;0.0563;7162;127;city;SP;2107;136
São Paulo de Olivença;1303908.0;2020-07-01;27;39299.0;False;False;652;1659.07529;2020-07-01;0.0276;18;86;city;AM;1;0
São Paulo do Potengi;2412609.0;2020-07-01;27;17579.0;False;False;184;1046.70345;2020-07-01;0.0326;6;65;city;RN;2;0
São Paulo das Missões;4319307.0;2020-07-01;27;5790.0;False;False;1;17.271160000000002;2020-07-01;0.0;0;21;city;RS;0;0
São Paulo;3550308.0;2020-07-01;27;12252023.0;False;False;129328;1055.56446;2020-07-01;0.0561;7258;128;city;SP;2209;96
São Paulo de Olivença;1303908.0;2020-07-02;27;39299.0;False;False;652;1659.07529;2020-07-02;0.0276;18;87;city;AM;0;0
São Paulo do Potengi;2412609.0;2020-07-02;27;17579.0;False;False;185;1052.39206;2020-07-02;0.0378;7;66;city;RN;1;1
São Paulo das Missões;4319307.0;2020-07-02;27;5790.0;False;False;2;34.54231;2020-07-02;0.0;0;22;city;RS;1;0
São Paulo;3550308.0;2020-07-02;27;12252023.0;False;False;134984;1101.7282599999999;2020-07-02;0.0546;7370;129;city;SP;5656;112
São Paulo de Olivença;1303908.0;2020-07-03;27;39299.0;False;False;659;1676.88745;2020-07-03;0.0273;18;88;city;AM;7;0
São Paulo do Potengi;2412609.0;2020-07-03;27;17579.0;False;False;186;1058.0806599999999;2020-07-03;0.0376;7;67;city;RN;1;0
São Paulo das Missões;4319307.0;2020-07-03;27;5790.0;False;False;2;34.54231;2020-07-03;0.0;0;23;city;RS;0;0
São Paulo;3550308.0;2020-07-03;27;12252023.0;False;False;137074;1118.78667;2020-07-03;0.0546;7479;130;city;SP;2090;109
São Paulo de Olivença;1303908.0;2020-07-04;27;39299.0;False;False;669;1702.3333899999998;2020-07-04;0.0269;18;89;city;AM;10;0
São Paulo do Potengi;2412609.0;2020-07-04;27;17579.0;False;True;186;1058.0806599999999;2020-07-03;0.0376;7;68;city;RN;0;0
São Paulo das Missões;4319307.0;2020-07-04;27;5790.0;False;False;2;34.54231;2020-07-04;0.0;0;24;city;RS;0;0
São Paulo;3550308.0;2020-07-04;27;12252023.0;False;False;137762;1124.4020699999999;2020-07-04;0.0551;7597;131;city;SP;688;118
São Paulo de Olivença;1303908.0;2020-07-05;28;39299.0;False;False;669;1702.3333899999998;2020-07-05;0.0269;18;90;city;AM;0;0
São Paulo do Potengi;2412609.0;2020-07-05;28;17579.0;False;False;186;1058.0806599999999;2020-07-05;0.0376;7;69;city;RN;0;0
São Paulo das Missões;4319307.0;2020-07-05;28;5790.0;False;False;2;34.54231;2020-07-05;0.0;0;25;city;RS;0;0
São Paulo;3550308.0;2020-07-05;28;12252023.0;False;False;139871;1141.61555;2020-07-05;0.0545;7621;132;city;SP;2109;24
São Paulo de Olivença;1303908.0;2020-07-06;28;39299.0;False;False;669;1702.3333899999998;2020-07-06;0.0269;18;91;city;AM;0;0
São Paulo do Potengi;2412609.0;2020-07-06;28;17579.0;False;False;188;1069.4578800000002;2020-07-06;0.0426;8;70;city;RN;2;1
São Paulo das Missões;4319307.0;2020-07-06;28;5790.0;False;False;2;34.54231;2020-07-06;0.0;0;26;city;RS;0;0
São Paulo;3550308.0;2020-07-06;28;12252023.0;False;False;140231;1144.55384;2020-07-06;0.0544;7634;133;city;SP;360;13
São Paulo de Olivença;1303908.0;2020-07-07;28;39299.0;False;False;669;1702.3333899999998;2020-07-07;0.0269;18;92;city;AM;0;0
São Paulo do Potengi;2412609.0;2020-07-07;28;17579.0;False;False;188;1069.4578800000002;2020-07-07;0.0426;8;71;city;RN;0;0
São Paulo das Missões;4319307.0;2020-07-07;28;5790.0;False;False;4;69.08463;2020-07-07;0.0;0;27;city;RS;2;0
São Paulo;3550308.0;2020-07-07;28;12252023.0;False;False;142502;1163.08956;2020-07-07;0.0543;7743;134;city;SP;2271;109
São Paulo de Olivença;1303908.0;2020-07-08;28;39299.0;False;False;717;1824.4739100000002;2020-07-08;0.0265;19;93;city;AM;48;1
São Paulo do Potengi;2412609.0;2020-07-08;28;17579.0;False;False;189;1075.14648;2020-07-08;0.0423;8;72;city;RN;1;0
São Paulo das Missões;4319307.0;2020-07-08;28;5790.0;False;False;4;69.08463;2020-07-08;0.25;1;28;city;RS;0;1
São Paulo;3550308.0;2020-07-08;28;12252023.0;False;False;144573;1179.99289;2020-07-08;0.0544;7864;135;city;SP;2071;121
São Paulo de Olivença;1303908.0;2020-07-09;28;39299.0;False;False;730;1857.55363;2020-07-09;0.026000000000000002;19;94;city;AM;13;0
São Paulo do Potengi;2412609.0;2020-07-09;28;17579.0;False;False;191;1086.52369;2020-07-09;0.0419;8;73;city;RN;2;0
São Paulo das Missões;4319307.0;2020-07-09;28;5790.0;False;False;4;69.08463;2020-07-09;0.25;1;29;city;RS;0;0
São Paulo;3550308.0;2020-07-09;28;12252023.0;False;False;146739;1197.6716;2020-07-09;0.0543;7964;136;city;SP;2166;100
São Paulo de Olivença;1303908.0;2020-07-10;28;39299.0;False;False;746;1898.2671300000002;2020-07-10;0.0255;19;95;city;AM;16;0
São Paulo do Potengi;2412609.0;2020-07-10;28;17579.0;False;False;191;1086.52369;2020-07-10;0.0419;8;74;city;RN;0;0
São Paulo das Missões;4319307.0;2020-07-10;28;5790.0;False;False;4;69.08463;2020-07-10;0.25;1;30;city;RS;0;0
São Paulo;3550308.0;2020-07-10;28;12252023.0;False;False;149431;1219.6434800000002;2020-07-10;0.0541;8089;137;city;SP;2692;125
São Paulo de Olivença;1303908.0;2020-07-11;28;39299.0;False;False;756;1923.71307;2020-07-11;0.0251;19;96;city;AM;10;0
São Paulo do Potengi;2412609.0;2020-07-11;28;17579.0;False;True;191;1086.52369;2020-07-10;0.0419;8;75;city;RN;0;0
São Paulo das Missões;4319307.0;2020-07-11;28;5790.0;False;False;4;69.08463;2020-07-11;0.25;1;31;city;RS;0;0
São Paulo;3550308.0;2020-07-11;28;12252023.0;False;False;151365;1235.42863;2020-07-11;0.054000000000000006;8176;138;city;SP;1934;87
São Paulo de Olivença;1303908.0;2020-07-12;29;39299.0;False;False;756;1923.71307;2020-07-12;0.0251;19;97;city;AM;0;0
São Paulo do Potengi;2412609.0;2020-07-12;29;17579.0;False;False;192;1092.2123;2020-07-12;0.0417;8;76;city;RN;1;0
São Paulo das Missões;4319307.0;2020-07-12;29;5790.0;False;False;4;69.08463;2020-07-12;0.25;1;32;city;RS;0;0
São Paulo;3550308.0;2020-07-12;29;12252023.0;False;False;152806;1247.18995;2020-07-12;0.0537;8212;139;city;SP;1441;36
São Paulo de Olivença;1303908.0;2020-07-13;29;39299.0;False;False;756;1923.71307;2020-07-13;0.0251;19;98;city;AM;0;0
São Paulo do Potengi;2412609.0;2020-07-13;29;17579.0;False;False;195;1109.27812;2020-07-13;0.040999999999999995;8;77;city;RN;3;0
São Paulo das Missões;4319307.0;2020-07-13;29;5790.0;False;False;4;69.08463;2020-07-13;0.25;1;33;city;RS;0;0
São Paulo;3550308.0;2020-07-13;29;12252023.0;False;False;154013;1257.04139;2020-07-13;0.0534;8231;140;city;SP;1207;19
São Paulo de Olivença;1303908.0;2020-07-14;29;39299.0;False;False;792;2015.3184600000002;2020-07-14;0.024;19;99;city;AM;36;0
São Paulo do Potengi;2412609.0;2020-07-14;29;17579.0;False;False;196;1114.96672;2020-07-14;0.0408;8;78;city;RN;1;0
São Paulo das Missões;4319307.0;2020-07-14;29;5790.0;False;False;4;69.08463;2020-07-14;0.25;1;34;city;RS;0;0
São Paulo;3550308.0;2020-07-14;29;12252023.0;False;False;158802;1296.12881;2020-07-14;0.0525;8336;141;city;SP;4789;105
São Paulo de Olivença;1303908.0;2020-07-15;29;39299.0;False;False;792;2015.3184600000002;2020-07-15;0.024;19;100;city;AM;0;0
São Paulo do Potengi;2412609.0;2020-07-15;29;17579.0;False;False;197;1120.65533;2020-07-15;0.0406;8;79;city;RN;1;0
São Paulo das Missões;4319307.0;2020-07-15;29;5790.0;False;False;4;69.08463;2020-07-15;0.25;1;35;city;RS;0;0
São Paulo;3550308.0;2020-07-15;29;12252023.0;False;False;160326;1308.56757;2020-07-15;0.0527;8451;142;city;SP;1524;115
São Paulo de Olivença;1303908.0;2020-07-16;29;39299.0;False;False;797;2028.04143;2020-07-16;0.0238;19;101;city;AM;5;0
São Paulo do Potengi;2412609.0;2020-07-16;29;17579.0;False;False;197;1120.65533;2020-07-16;0.0406;8;80;city;RN;0;0
São Paulo das Missões;4319307.0;2020-07-16;29;5790.0;False;False;4;69.08463;2020-07-16;0.25;1;36;city;RS;0;0
São Paulo;3550308.0;2020-07-16;29;12252023.0;False;False;162242;1324.20581;2020-07-16;0.0529;8585;143;city;SP;1916;134
São Paulo de Olivença;1303908.0;2020-07-17;29;39299.0;False;False;797;2028.04143;2020-07-17;0.0238;19;102;city;AM;0;0
São Paulo do Potengi;2412609.0;2020-07-17;29;17579.0;False;False;198;1126.34393;2020-07-17;0.0404;8;81;city;RN;1;0
São Paulo das Missões;4319307.0;2020-07-17;29;5790.0;False;False;4;69.08463;2020-07-17;0.25;1;37;city;RS;0;0
São Paulo;3550308.0;2020-07-17;29;12252023.0;False;False;163624;1335.48558;2020-07-17;0.0531;8696;144;city;SP;1382;111
São Paulo de Olivença;1303908.0;2020-07-18;29;39299.0;False;False;818;2081.4779;2020-07-18;0.0232;19;103;city;AM;21;0
São Paulo do Potengi;2412609.0;2020-07-18;29;17579.0;False;True;198;1126.34393;2020-07-17;0.0404;8;82;city;RN;0;0
São Paulo das Missões;4319307.0;2020-07-18;29;5790.0;False;False;4;69.08463;2020-07-18;0.25;1;38;city;RS;0;0
São Paulo;3550308.0;2020-07-18;29;12252023.0;False;False;165094;1347.4836;2020-07-18;0.0531;8770;145;city;SP;1470;74
São Paulo de Olivença;1303908.0;2020-07-19;30;39299.0;False;False;818;2081.4779;2020-07-19;0.0232;19;104;city;AM;0;0
São Paulo do Potengi;2412609.0;2020-07-19;30;17579.0;False;False;198;1126.34393;2020-07-19;0.0404;8;83;city;RN;0;0
São Paulo das Missões;4319307.0;2020-07-19;30;5790.0;False;False;4;69.08463;2020-07-19;0.25;1;39;city;RS;0;0
São Paulo;3550308.0;2020-07-19;30;12252023.0;False;False;166073;1355.4741099999999;2020-07-19;0.0529;8778;146;city;SP;979;8
São Paulo de Olivença;1303908.0;2020-07-20;30;39299.0;False;False;818;2081.4779;2020-07-20;0.0232;19;105;city;AM;0;0
São Paulo do Potengi;2412609.0;2020-07-20;30;17579.0;False;False;199;1132.03254;2020-07-20;0.0402;8;84;city;RN;1;0
São Paulo das Missões;4319307.0;2020-07-20;30;5790.0;False;False;4;69.08463;2020-07-20;0.25;1;40;city;RS;0;0
São Paulo;3550308.0;2020-07-20;30;12252023.0;False;False;166348;1357.71864;2020-07-20;0.0529;8799;147;city;SP;275;21
São Paulo de Olivença;1303908.0;2020-07-21;30;39299.0;False;False;828;2106.92384;2020-07-21;0.0229;19;106;city;AM;10;0
São Paulo do Potengi;2412609.0;2020-07-21;30;17579.0;False;False;199;1132.03254;2020-07-21;0.0402;8;85;city;RN;0;0
São Paulo das Missões;4319307.0;2020-07-21;30;5790.0;False;False;4;69.08463;2020-07-21;0.25;1;41;city;RS;0;0
São Paulo;3550308.0;2020-07-21;30;12252023.0;False;False;167801;1369.57791;2020-07-21;0.0532;8920;148;city;SP;1453;121
São Paulo de Olivença;1303908.0;2020-07-22;30;39299.0;False;False;888;2259.59948;2020-07-22;0.0214;19;107;city;AM;60;0
São Paulo do Potengi;2412609.0;2020-07-22;30;17579.0;False;False;200;1137.72114;2020-07-22;0.04;8;86;city;RN;1;0
São Paulo das Missões;4319307.0;2020-07-22;30;5790.0;False;False;4;69.08463;2020-07-22;0.25;1;42;city;RS;0;0
São Paulo;3550308.0;2020-07-22;30;12252023.0;False;False;171119;1396.65915;2020-07-22;0.0527;9025;149;city;SP;3318;105
São Paulo de Olivença;1303908.0;2020-07-23;30;39299.0;False;False;935;2379.1954;2020-07-23;0.0214;20;108;city;AM;47;1
São Paulo do Potengi;2412609.0;2020-07-23;30;17579.0;False;False;200;1137.72114;2020-07-23;0.04;8;87;city;RN;0;0
São Paulo das Missões;4319307.0;2020-07-23;30;5790.0;False;False;4;69.08463;2020-07-23;0.25;1;43;city;RS;0;0
São Paulo;3550308.0;2020-07-23;30;12252023.0;False;False;173710;1417.8066800000001;2020-07-23;0.0524;9098;150;city;SP;2591;73
São Paulo de Olivença;1303908.0;2020-07-24;30;39299.0;False;False;935;2379.1954;2020-07-24;0.0225;21;109;city;AM;0;1
São Paulo do Potengi;2412609.0;2020-07-24;30;17579.0;False;False;200;1137.72114;2020-07-24;0.04;8;88;city;RN;0;0
São Paulo das Missões;4319307.0;2020-07-24;30;5790.0;False;False;4;69.08463;2020-07-24;0.25;1;44;city;RS;0;0
São Paulo;3550308.0;2020-07-24;30;12252023.0;False;False;176190;1438.04823;2020-07-24;0.052000000000000005;9156;151;city;SP;2480;58
São Paulo de Olivença;1303908.0;2020-07-25;30;39299.0;False;False;981;2496.24672;2020-07-25;0.0214;21;110;city;AM;46;0
São Paulo do Potengi;2412609.0;2020-07-25;30;17579.0;False;True;200;1137.72114;2020-07-24;0.04;8;89;city;RN;0;0
São Paulo das Missões;4319307.0;2020-07-25;30;5790.0;False;False;4;69.08463;2020-07-25;0.25;1;45;city;RS;0;0
São Paulo;3550308.0;2020-07-25;30;12252023.0;False;False;179115;1461.92184;2020-07-25;0.0514;9205;152;city;SP;2925;49
São Paulo de Olivença;1303908.0;2020-07-26;31;39299.0;False;False;981;2496.24672;2020-07-26;0.0214;21;111;city;AM;0;0
São Paulo do Potengi;2412609.0;2020-07-26;31;17579.0;False;False;200;1137.72114;2020-07-26;0.04;8;90;city;RN;0;0
São Paulo das Missões;4319307.0;2020-07-26;31;5790.0;False;False;4;69.08463;2020-07-26;0.25;1;46;city;RS;0;0
São Paulo;3550308.0;2020-07-26;31;12252023.0;False;False;179777;1467.32503;2020-07-26;0.0513;9222;153;city;SP;662;17
São Paulo de Olivença;1303908.0;2020-07-27;31;39299.0;False;False;981;2496.24672;2020-07-27;0.0214;21;112;city;AM;0;0
São Paulo do Potengi;2412609.0;2020-07-27;31;17579.0;False;False;201;1143.40975;2020-07-27;0.0398;8;91;city;RN;1;0
São Paulo das Missões;4319307.0;2020-07-27;31;5790.0;False;False;4;69.08463;2020-07-27;0.25;1;47;city;RS;0;0
São Paulo;3550308.0;2020-07-27;31;12252023.0;False;False;182027;1485.6893400000001;2020-07-27;0.0508;9241;154;city;SP;2250;19
São Paulo de Olivença;1303908.0;2020-07-28;31;39299.0;False;False;1015;2582.76292;2020-07-28;0.0217;22;113;city;AM;34;1
São Paulo do Potengi;2412609.0;2020-07-28;31;17579.0;True;False;202;1149.09836;2020-07-28;0.0396;8;92;city;RN;1;0
São Paulo das Missões;4319307.0;2020-07-28;31;5790.0;False;False;4;69.08463;2020-07-28;0.25;1;48;city;RS;0;0
São Paulo;3550308.0;2020-07-28;31;12252023.0;False;False;185708;1515.73336;2020-07-28;0.0502;9318;155;city;SP;3681;77
São Paulo de Olivença;1303908.0;2020-07-29;31;39299.0;False;False;1022;2600.57508;2020-07-29;0.0215;22;114;city;AM;7;0
São Paulo do Potengi;2412609.0;2020-07-29;31;17579.0;False;True;202;1149.09836;2020-07-28;0.0396;8;93;city;RN;0;0
São Paulo das Missões;4319307.0;2020-07-29;31;5790.0;False;False;4;69.08463;2020-07-29;0.25;1;49;city;RS;0;0
São Paulo;3550308.0;2020-07-29;31;12252023.0;False;False;188827;1541.19038;2020-07-29;0.0498;9396;156;city;SP;3119;78
São Paulo de Olivença;1303908.0;2020-07-30;31;39299.0;False;False;1033;2628.56561;2020-07-30;0.0213;22;115;city;AM;11;0
São Paulo do Potengi;2412609.0;2020-07-30;31;17579.0;False;True;202;1149.09836;2020-07-28;0.0396;8;94;city;RN;0;0
São Paulo das Missões;4319307.0;2020-07-30;31;5790.0;False;False;4;69.08463;2020-07-30;0.25;1;50;city;RS;0;0
São Paulo;3550308.0;2020-07-30;31;12252023.0;False;False;193684;1580.8328099999999;2020-07-30;0.0489;9470;157;city;SP;4857;74
São Paulo de Olivença;1303908.0;2020-07-31;31;39299.0;True;False;1033;2628.56561;2020-07-31;0.0213;22;116;city;AM;0;0
São Paulo do Potengi;2412609.0;2020-07-31;31;17579.0;False;True;202;1149.09836;2020-07-28;0.0396;8;95;city;RN;0;0
São Paulo das Missões;4319307.0;2020-07-31;31;5790.0;False;False;4;69.08463;2020-07-31;0.25;1;51;city;RS;0;0
São Paulo;3550308.0;2020-07-31;31;12252023.0;False;False;197560;1612.46841;2020-07-31;0.0483;9549;158;city;SP;3876;79
São Paulo de Olivença;1303908.0;2020-08-01;31;39299.0;False;True;1033;2628.56561;2020-07-31;0.0213;22;117;city;AM;0;0
São Paulo do Potengi;2412609.0;2020-08-01;31;17579.0;False;True;202;1149.09836;2020-07-28;0.0396;8;96;city;RN;0;0
São Paulo das Missões;4319307.0;2020-08-01;31;5790.0;True;False;4;69.08463;2020-08-01;0.25;1;52;city;RS;0;0
São Paulo;3550308.0;2020-08-01;31;12252023.0;True;False;199674;1629.7227;2020-08-01;0.0482;9619;159;city;SP;2114;70
